<?xml version="1.0" encoding="UTF-8"?>
<project-private xmlns="http://www.netbeans.org/ns/project-private/1">
    <editor-bookmarks xmlns="http://www.netbeans.org/ns/editor-bookmarks/2" lastBookmarkId="0"/>
    <open-files xmlns="http://www.netbeans.org/ns/projectui-open-files/2">
        <group>
            <file>file:/C:/Users/Dell/Downloads/DressCode.1.0/DressCode/web/VistaMarca.jsp</file>
            <file>file:/C:/Users/Dell/Downloads/DressCode.1.0/DressCode/src/java/config/DBDressCode.sql</file>
            <file>file:/C:/Users/Dell/Downloads/DressCode.1.0/DressCode/web/VistaUsuario.jsp</file>
            <file>file:/C:/Users/Dell/Downloads/DressCode.1.0/DressCode/web/VistaEmpleado.jsp</file>
            <file>file:/C:/Users/Dell/Downloads/DressCode.1.0/DressCode/web/Principal.jsp</file>
            <file>file:/C:/Users/Dell/Downloads/DressCode.1.0/DressCode/src/java/config/Conexion.java</file>
            <file>file:/C:/Users/Dell/Downloads/DressCode.1.0/DressCode/web/VistaCompra.jsp</file>
        </group>
    </open-files>
</project-private>
