<?xml version="1.0" encoding="UTF-8"?>
<project-private xmlns="http://www.netbeans.org/ns/project-private/1">
    <editor-bookmarks xmlns="http://www.netbeans.org/ns/editor-bookmarks/2" lastBookmarkId="0"/>
    <open-files xmlns="http://www.netbeans.org/ns/projectui-open-files/2">
        <group>
            <file>file:/C:/Users/Best%20Computer/Documents/NetBeansProjects/MICRUDCOMPLETO/Usuario%20-%20CRUD%20completo/DressCode/DressCode/src/java/config/Conexion.java</file>
            <file>file:/C:/Users/Best%20Computer/Documents/NetBeansProjects/MICRUDCOMPLETO/Usuario%20-%20CRUD%20completo/DressCode/DressCode/web/VistaUsuario.jsp</file>
            <file>file:/C:/Users/Best%20Computer/Documents/NetBeansProjects/MICRUDCOMPLETO/Usuario%20-%20CRUD%20completo/DressCode/DressCode/src/java/modelo/UsuarioDAO.java</file>
            <file>file:/C:/Users/Best%20Computer/Documents/NetBeansProjects/MICRUDCOMPLETO/Usuario%20-%20CRUD%20completo/DressCode/DressCode/src/java/modelo/Usuario.java</file>
            <file>file:/C:/Users/Best%20Computer/Documents/NetBeansProjects/MICRUDCOMPLETO/Usuario%20-%20CRUD%20completo/DressCode/DressCode/src/java/controlador/Controlador.java</file>
        </group>
    </open-files>
</project-private>
